-- =====================================================================
-- Seed data (~5 sample rows per table) for TutorConnectSystem (TCS)
-- Inserted in FK-dependency order. UUIDs use a per-table prefix + row no.
-- NOTE:
--   * `role` has only 4 rows (role_name CHECK allows exactly 4 unique values).
--   * For sample purposes the same 5 users are reused across the profile
--     tables (client/tutor/tutor_center/platform_admin) and wallet; this is
--     allowed because each UNIQUE(user_id) is scoped per table.
-- =====================================================================

SET NAMES utf8mb4;

-- ---------------------------------------------------------------------
-- Role (4 rows only)
-- ---------------------------------------------------------------------
INSERT INTO role (role_id, role_name, description) VALUES
('0a000001-0000-4000-8000-000000000001', 'ADMIN',       'Platform administrator'),
('0a000001-0000-4000-8000-000000000002', 'CLIENT',      'Student or parent account'),
('0a000001-0000-4000-8000-000000000003', 'TUTOR',       'Individual tutor account'),
('0a000001-0000-4000-8000-000000000004', 'TUTORCENTER', 'Tutor center / company account');

-- ---------------------------------------------------------------------
-- Province
-- ---------------------------------------------------------------------
INSERT INTO province (province_id, province_name) VALUES
('0a000003-0000-4000-8000-000000000001', 'Ha Noi'),
('0a000003-0000-4000-8000-000000000002', 'Ho Chi Minh'),
('0a000003-0000-4000-8000-000000000003', 'Da Nang'),
('0a000003-0000-4000-8000-000000000004', 'Hai Phong'),
('0a000003-0000-4000-8000-000000000005', 'Can Tho');

-- ---------------------------------------------------------------------
-- Grade
-- ---------------------------------------------------------------------
INSERT INTO grade (grade_id, grade_name) VALUES
('0a000005-0000-4000-8000-000000000001', 'Grade 1'),
('0a000005-0000-4000-8000-000000000002', 'Grade 2'),
('0a000005-0000-4000-8000-000000000003', 'Grade 3'),
('0a000005-0000-4000-8000-000000000004', 'Grade 10'),
('0a000005-0000-4000-8000-000000000005', 'University');

-- ---------------------------------------------------------------------
-- Subject
-- ---------------------------------------------------------------------
INSERT INTO subject (subject_id, subject_name, description) VALUES
('0a000006-0000-4000-8000-000000000001', 'Mathematics', 'Math from primary to university level'),
('0a000006-0000-4000-8000-000000000002', 'Physics',     'General physics'),
('0a000006-0000-4000-8000-000000000003', 'English',     'English language and IELTS'),
('0a000006-0000-4000-8000-000000000004', 'Chemistry',   'General chemistry'),
('0a000006-0000-4000-8000-000000000005', 'Literature',  'Vietnamese literature');

-- ---------------------------------------------------------------------
-- User (ref role)
-- ---------------------------------------------------------------------
INSERT INTO `user` (user_id, email, password_hash, role_id, status, created_at, last_login) VALUES
('0a000002-0000-4000-8000-000000000001', 'admin@tcs.com',   '$2a$10$N9qo8uLOickgx2ZMRZoMyeIjZAgcfl7p92ldGxad68LJZdL17lhWy', '0a000001-0000-4000-8000-000000000001', 'ACTIVE',  '2026-01-01 08:00:00', '2026-06-01 09:00:00'),
('0a000002-0000-4000-8000-000000000002', 'client1@tcs.com', '$2a$10$N9qo8uLOickgx2ZMRZoMyeIjZAgcfl7p92ldGxad68LJZdL17lhWy', '0a000001-0000-4000-8000-000000000002', 'ACTIVE',  '2026-01-02 08:00:00', '2026-06-02 09:00:00'),
('0a000002-0000-4000-8000-000000000003', 'tutor1@tcs.com',  '$2a$10$N9qo8uLOickgx2ZMRZoMyeIjZAgcfl7p92ldGxad68LJZdL17lhWy', '0a000001-0000-4000-8000-000000000003', 'ACTIVE',  '2026-01-03 08:00:00', '2026-06-03 09:00:00'),
('0a000002-0000-4000-8000-000000000004', 'center1@tcs.com', '$2a$10$N9qo8uLOickgx2ZMRZoMyeIjZAgcfl7p92ldGxad68LJZdL17lhWy', '0a000001-0000-4000-8000-000000000004', 'PENDING', NULL, NULL),
('0a000002-0000-4000-8000-000000000005', 'client2@tcs.com', '$2a$10$N9qo8uLOickgx2ZMRZoMyeIjZAgcfl7p92ldGxad68LJZdL17lhWy', '0a000001-0000-4000-8000-000000000002', 'ACTIVE',  '2026-01-05 08:00:00', '2026-06-05 09:00:00');

-- ---------------------------------------------------------------------
-- Location (ref province)
-- ---------------------------------------------------------------------
INSERT INTO location (location_id, google_place_id, address_line, ward_name, district_name, province_id, latitude, longitude) VALUES
('0a000004-0000-4000-8000-000000000001', 'gpl_0001', '01 Trang Tien',     'Trang Tien',  'Hoan Kiem',  '0a000003-0000-4000-8000-000000000001', 21.02450000, 105.85250000),
('0a000004-0000-4000-8000-000000000002', 'gpl_0002', '12 Nguyen Hue',     'Ben Nghe',    'District 1', '0a000003-0000-4000-8000-000000000002', 10.77310000, 106.70410000),
('0a000004-0000-4000-8000-000000000003', 'gpl_0003', '05 Bach Dang',      'Hai Chau 1',  'Hai Chau',   '0a000003-0000-4000-8000-000000000003', 16.06780000, 108.22080000),
('0a000004-0000-4000-8000-000000000004', 'gpl_0004', '20 Lach Tray',      'Dang Giang',  'Ngo Quyen',  '0a000003-0000-4000-8000-000000000004', 20.84490000, 106.68800000),
('0a000004-0000-4000-8000-000000000005', 'gpl_0005', '30 Nguyen Van Cu',  'An Khanh',    'Ninh Kieu',  '0a000003-0000-4000-8000-000000000005', 10.03520000, 105.78680000);

-- ---------------------------------------------------------------------
-- Client (ref user, location)
-- ---------------------------------------------------------------------
INSERT INTO client (client_id, user_id, full_name, phone, address, location_id, avatar) VALUES
('0a000007-0000-4000-8000-000000000001', '0a000002-0000-4000-8000-000000000001', 'Nguyen Van A', '0901000001', 'Ha Noi',      '0a000004-0000-4000-8000-000000000001', NULL),
('0a000007-0000-4000-8000-000000000002', '0a000002-0000-4000-8000-000000000002', 'Tran Thi B',   '0901000002', 'Ho Chi Minh', '0a000004-0000-4000-8000-000000000002', NULL),
('0a000007-0000-4000-8000-000000000003', '0a000002-0000-4000-8000-000000000003', 'Le Van C',     '0901000003', 'Da Nang',     '0a000004-0000-4000-8000-000000000003', NULL),
('0a000007-0000-4000-8000-000000000004', '0a000002-0000-4000-8000-000000000004', 'Pham Thi D',   '0901000004', 'Hai Phong',   '0a000004-0000-4000-8000-000000000004', NULL),
('0a000007-0000-4000-8000-000000000005', '0a000002-0000-4000-8000-000000000005', 'Hoang Van E',  '0901000005', 'Can Tho',     '0a000004-0000-4000-8000-000000000005', NULL);

-- ---------------------------------------------------------------------
-- Tutor (ref user, location)
-- ---------------------------------------------------------------------
INSERT INTO tutor (tutor_id, user_id, full_name, gender, phone, address, location_id, experience_years, bio, hourly_rate, rating_avg) VALUES
('0a000008-0000-4000-8000-000000000001', '0a000002-0000-4000-8000-000000000001', 'Tutor One',   'MALE',   '0902000001', 'Ha Noi',      '0a000004-0000-4000-8000-000000000001', 5, 'Experienced math tutor',    200000.00, 4.50),
('0a000008-0000-4000-8000-000000000002', '0a000002-0000-4000-8000-000000000002', 'Tutor Two',   'FEMALE', '0902000002', 'Ho Chi Minh', '0a000004-0000-4000-8000-000000000002', 3, 'Physics specialist',        180000.00, 4.20),
('0a000008-0000-4000-8000-000000000003', '0a000002-0000-4000-8000-000000000003', 'Tutor Three', 'MALE',   '0902000003', 'Da Nang',     '0a000004-0000-4000-8000-000000000003', 7, 'IELTS 8.5 English tutor',   250000.00, 4.80),
('0a000008-0000-4000-8000-000000000004', '0a000002-0000-4000-8000-000000000004', 'Tutor Four',  'OTHER',  '0902000004', 'Hai Phong',   '0a000004-0000-4000-8000-000000000004', 2, 'Chemistry tutor',           150000.00, 3.90),
('0a000008-0000-4000-8000-000000000005', '0a000002-0000-4000-8000-000000000005', 'Tutor Five',  'FEMALE', '0902000005', 'Can Tho',     '0a000004-0000-4000-8000-000000000005', 4, 'Literature tutor',          170000.00, 4.10);

-- ---------------------------------------------------------------------
-- TutorCenter (ref user, location)
-- ---------------------------------------------------------------------
INSERT INTO tutor_center (tutorcenter_id, user_id, company_name, license_no, phone, address, location_id, description) VALUES
('0a000009-0000-4000-8000-000000000001', '0a000002-0000-4000-8000-000000000001', 'Bright Future Center', 'LIC-0001', '0903000001', 'Ha Noi HQ',      '0a000004-0000-4000-8000-000000000001', 'STEM focused center'),
('0a000009-0000-4000-8000-000000000002', '0a000002-0000-4000-8000-000000000002', 'Smart Edu Center',     'LIC-0002', '0903000002', 'HCM HQ',         '0a000004-0000-4000-8000-000000000002', 'Language center'),
('0a000009-0000-4000-8000-000000000003', '0a000002-0000-4000-8000-000000000003', 'Future Stars',         'LIC-0003', '0903000003', 'Da Nang HQ',     '0a000004-0000-4000-8000-000000000003', 'All subjects'),
('0a000009-0000-4000-8000-000000000004', '0a000002-0000-4000-8000-000000000004', 'Knowledge Hub',        'LIC-0004', '0903000004', 'Hai Phong HQ',   '0a000004-0000-4000-8000-000000000004', 'Exam preparation'),
('0a000009-0000-4000-8000-000000000005', '0a000002-0000-4000-8000-000000000005', 'Academic Plus',        'LIC-0005', '0903000005', 'Can Tho HQ',     '0a000004-0000-4000-8000-000000000005', 'Online and offline');

-- ---------------------------------------------------------------------
-- PlatformAdmin (ref user)
-- ---------------------------------------------------------------------
INSERT INTO platform_admin (admin_id, user_id, full_name) VALUES
('0a00000a-0000-4000-8000-000000000001', '0a000002-0000-4000-8000-000000000001', 'Admin One'),
('0a00000a-0000-4000-8000-000000000002', '0a000002-0000-4000-8000-000000000002', 'Admin Two'),
('0a00000a-0000-4000-8000-000000000003', '0a000002-0000-4000-8000-000000000003', 'Admin Three'),
('0a00000a-0000-4000-8000-000000000004', '0a000002-0000-4000-8000-000000000004', 'Admin Four'),
('0a00000a-0000-4000-8000-000000000005', '0a000002-0000-4000-8000-000000000005', 'Admin Five');

-- ---------------------------------------------------------------------
-- Wallet (ref user)
-- ---------------------------------------------------------------------
INSERT INTO wallet (wallet_id, user_id, balance) VALUES
('0a000015-0000-4000-8000-000000000001', '0a000002-0000-4000-8000-000000000001', 1000000.00),
('0a000015-0000-4000-8000-000000000002', '0a000002-0000-4000-8000-000000000002',  500000.00),
('0a000015-0000-4000-8000-000000000003', '0a000002-0000-4000-8000-000000000003',  750000.00),
('0a000015-0000-4000-8000-000000000004', '0a000002-0000-4000-8000-000000000004',       0.00),
('0a000015-0000-4000-8000-000000000005', '0a000002-0000-4000-8000-000000000005',  250000.00);

-- ---------------------------------------------------------------------
-- PaymentMethod (ref wallet)
-- ---------------------------------------------------------------------
INSERT INTO payment_method (payment_method_id, wallet_id, type, account_no, bank_name, status) VALUES
('0a000016-0000-4000-8000-000000000001', '0a000015-0000-4000-8000-000000000001', 'BANK_ACCOUNT', '0011000001', 'Vietcombank', 'ACTIVE'),
('0a000016-0000-4000-8000-000000000002', '0a000015-0000-4000-8000-000000000002', 'VIETQR',       '0011000002', 'Techcombank', 'ACTIVE'),
('0a000016-0000-4000-8000-000000000003', '0a000015-0000-4000-8000-000000000003', 'PAYOS',        '0011000003', NULL,          'ACTIVE'),
('0a000016-0000-4000-8000-000000000004', '0a000015-0000-4000-8000-000000000004', 'BANK_ACCOUNT', '0011000004', 'BIDV',        'INACTIVE'),
('0a000016-0000-4000-8000-000000000005', '0a000015-0000-4000-8000-000000000005', 'VIETQR',       '0011000005', 'MB Bank',     'ACTIVE');

-- ---------------------------------------------------------------------
-- TutorSubject (ref tutor, subject)
-- ---------------------------------------------------------------------
INSERT INTO tutor_subject (tutor_subject_id, tutor_id, subject_id, proficiency_level) VALUES
('0a00000b-0000-4000-8000-000000000001', '0a000008-0000-4000-8000-000000000001', '0a000006-0000-4000-8000-000000000001', 'Expert'),
('0a00000b-0000-4000-8000-000000000002', '0a000008-0000-4000-8000-000000000002', '0a000006-0000-4000-8000-000000000002', 'Advanced'),
('0a00000b-0000-4000-8000-000000000003', '0a000008-0000-4000-8000-000000000003', '0a000006-0000-4000-8000-000000000003', 'Expert'),
('0a00000b-0000-4000-8000-000000000004', '0a000008-0000-4000-8000-000000000004', '0a000006-0000-4000-8000-000000000004', 'Intermediate'),
('0a00000b-0000-4000-8000-000000000005', '0a000008-0000-4000-8000-000000000005', '0a000006-0000-4000-8000-000000000005', 'Advanced');

-- ---------------------------------------------------------------------
-- Qualification (ref tutor)
-- ---------------------------------------------------------------------
INSERT INTO qualification (qualification_id, tutor_id, title, issuer, issue_date) VALUES
('0a00000c-0000-4000-8000-000000000001', '0a000008-0000-4000-8000-000000000001', 'BSc Mathematics', 'VNU Hanoi',        '2018-06-15'),
('0a00000c-0000-4000-8000-000000000002', '0a000008-0000-4000-8000-000000000002', 'BSc Physics',     'HCMUS',            '2019-06-20'),
('0a00000c-0000-4000-8000-000000000003', '0a000008-0000-4000-8000-000000000003', 'IELTS 8.5',       'British Council',  '2021-03-10'),
('0a00000c-0000-4000-8000-000000000004', '0a000008-0000-4000-8000-000000000004', 'BSc Chemistry',   'Da Nang Uni',      '2020-09-01'),
('0a00000c-0000-4000-8000-000000000005', '0a000008-0000-4000-8000-000000000005', 'MA Literature',   'HNUE',             '2017-11-25');

-- ---------------------------------------------------------------------
-- VerificationRequest (ref user)
-- ---------------------------------------------------------------------
INSERT INTO verification_request (verification_id, user_id, verification_type, status, submitted_at, reviewed_at) VALUES
('0a00000d-0000-4000-8000-000000000001', '0a000002-0000-4000-8000-000000000001', 'TUTOR_PROFILE',       'Approved', '2026-02-01 10:00:00', '2026-02-02 10:00:00'),
('0a00000d-0000-4000-8000-000000000002', '0a000002-0000-4000-8000-000000000002', 'TUTOR_PROFILE',       'Pending',  '2026-02-03 10:00:00', NULL),
('0a00000d-0000-4000-8000-000000000003', '0a000002-0000-4000-8000-000000000003', 'TUTORCENTER_LICENSE', 'Approved', '2026-02-04 10:00:00', '2026-02-05 10:00:00'),
('0a00000d-0000-4000-8000-000000000004', '0a000002-0000-4000-8000-000000000004', 'TUTORCENTER_LICENSE', 'Rejected', '2026-02-06 10:00:00', '2026-02-07 10:00:00'),
('0a00000d-0000-4000-8000-000000000005', '0a000002-0000-4000-8000-000000000005', 'TUTOR_PROFILE',       'Draft',    NULL,                  NULL);

-- ---------------------------------------------------------------------
-- VerificationDocument (ref verification_request)
-- ---------------------------------------------------------------------
INSERT INTO verification_document (document_id, verification_id, file_url, document_type) VALUES
('0a00000e-0000-4000-8000-000000000001', '0a00000d-0000-4000-8000-000000000001', 'https://cdn.tcs.com/doc/1.png', 'ID_CARD'),
('0a00000e-0000-4000-8000-000000000002', '0a00000d-0000-4000-8000-000000000002', 'https://cdn.tcs.com/doc/2.png', 'DEGREE'),
('0a00000e-0000-4000-8000-000000000003', '0a00000d-0000-4000-8000-000000000003', 'https://cdn.tcs.com/doc/3.png', 'CERTIFICATE'),
('0a00000e-0000-4000-8000-000000000004', '0a00000d-0000-4000-8000-000000000004', 'https://cdn.tcs.com/doc/4.png', 'ID_CARD'),
('0a00000e-0000-4000-8000-000000000005', '0a00000d-0000-4000-8000-000000000005', 'https://cdn.tcs.com/doc/5.png', 'DEGREE');

-- ---------------------------------------------------------------------
-- VerificationHistory (ref verification_request, user)
-- ---------------------------------------------------------------------
INSERT INTO verification_history (verification_history_id, verification_id, old_status, new_status, changed_by_user_id, changed_at) VALUES
('0a00000f-0000-4000-8000-000000000001', '0a00000d-0000-4000-8000-000000000001', 'Pending', 'Approved', '0a000002-0000-4000-8000-000000000001', '2026-02-02 10:00:00'),
('0a00000f-0000-4000-8000-000000000002', '0a00000d-0000-4000-8000-000000000002', 'Draft',   'Pending',  '0a000002-0000-4000-8000-000000000002', '2026-02-03 10:00:00'),
('0a00000f-0000-4000-8000-000000000003', '0a00000d-0000-4000-8000-000000000003', 'Pending', 'Approved', '0a000002-0000-4000-8000-000000000001', '2026-02-05 10:00:00'),
('0a00000f-0000-4000-8000-000000000004', '0a00000d-0000-4000-8000-000000000004', 'Pending', 'Rejected', '0a000002-0000-4000-8000-000000000001', '2026-02-07 10:00:00'),
('0a00000f-0000-4000-8000-000000000005', '0a00000d-0000-4000-8000-000000000005', NULL,      'Draft',    '0a000002-0000-4000-8000-000000000005', '2026-02-08 10:00:00');

-- ---------------------------------------------------------------------
-- Class (ref user, subject, location, grade)
-- ---------------------------------------------------------------------
INSERT INTO class (class_id, creator_id, subject_id, title, description, location_id, grade_id, max_sessions, start_date, end_date, budget, status, recurring_type) VALUES
('0a000010-0000-4000-8000-000000000001', '0a000002-0000-4000-8000-000000000002', '0a000006-0000-4000-8000-000000000001', 'Math Grade 1 Basics',   'Foundational math for grade 1',   '0a000004-0000-4000-8000-000000000001', '0a000005-0000-4000-8000-000000000001', 10, '2026-03-01', '2026-05-01', 2000000.00, 'Open',        'WEEKLY'),
('0a000010-0000-4000-8000-000000000002', '0a000002-0000-4000-8000-000000000002', '0a000006-0000-4000-8000-000000000002', 'Physics Intro',         'Intro physics course',            '0a000004-0000-4000-8000-000000000002', '0a000005-0000-4000-8000-000000000004', 12, '2026-03-05', '2026-06-05', 3000000.00, 'In Progress', 'WEEKLY'),
('0a000010-0000-4000-8000-000000000003', '0a000002-0000-4000-8000-000000000005', '0a000006-0000-4000-8000-000000000003', 'IELTS Speaking',        'IELTS speaking practice',         NULL,                                   '0a000005-0000-4000-8000-000000000005', 8,  '2026-03-10', '2026-04-30', 4000000.00, 'Open',        'ONCE'),
('0a000010-0000-4000-8000-000000000004', '0a000002-0000-4000-8000-000000000005', '0a000006-0000-4000-8000-000000000004', 'Chemistry Grade 10',    'Chemistry for grade 10',          '0a000004-0000-4000-8000-000000000004', '0a000005-0000-4000-8000-000000000004', 15, '2026-03-15', '2026-07-15', 3500000.00, 'Draft',       'WEEKLY'),
('0a000010-0000-4000-8000-000000000005', '0a000002-0000-4000-8000-000000000001', '0a000006-0000-4000-8000-000000000005', 'Literature Review',     'Literature analysis course',      '0a000004-0000-4000-8000-000000000005', '0a000005-0000-4000-8000-000000000003', 6,  '2026-03-20', '2026-05-20', 1500000.00, 'Completed',   'ONCE');

-- ---------------------------------------------------------------------
-- TutorApplication (ref class, tutor)
-- ---------------------------------------------------------------------
INSERT INTO tutor_application (application_id, class_id, tutor_id, cover_letter, status, applied_at) VALUES
('0a000011-0000-4000-8000-000000000001', '0a000010-0000-4000-8000-000000000001', '0a000008-0000-4000-8000-000000000001', 'I can teach this class well.', 'Accepted',     '2026-02-20 09:00:00'),
('0a000011-0000-4000-8000-000000000002', '0a000010-0000-4000-8000-000000000002', '0a000008-0000-4000-8000-000000000002', 'Physics is my specialty.',     'Under Review', '2026-02-21 09:00:00'),
('0a000011-0000-4000-8000-000000000003', '0a000010-0000-4000-8000-000000000003', '0a000008-0000-4000-8000-000000000003', 'IELTS 8.5 here.',              'Accepted',     '2026-02-22 09:00:00'),
('0a000011-0000-4000-8000-000000000004', '0a000010-0000-4000-8000-000000000004', '0a000008-0000-4000-8000-000000000004', 'Experienced in chemistry.',    'Submitted',    '2026-02-23 09:00:00'),
('0a000011-0000-4000-8000-000000000005', '0a000010-0000-4000-8000-000000000005', '0a000008-0000-4000-8000-000000000005', 'Literature expert.',           'Rejected',     '2026-02-24 09:00:00');

-- ---------------------------------------------------------------------
-- ApplicationStatusHistory (ref tutor_application, user)
-- ---------------------------------------------------------------------
INSERT INTO application_status_history (application_history_id, application_id, old_status, new_status, changed_by_user_id, changed_at) VALUES
('0a000012-0000-4000-8000-000000000001', '0a000011-0000-4000-8000-000000000001', 'Submitted',    'Accepted',     '0a000002-0000-4000-8000-000000000002', '2026-02-25 09:00:00'),
('0a000012-0000-4000-8000-000000000002', '0a000011-0000-4000-8000-000000000002', 'Submitted',    'Under Review', '0a000002-0000-4000-8000-000000000002', '2026-02-25 10:00:00'),
('0a000012-0000-4000-8000-000000000003', '0a000011-0000-4000-8000-000000000003', 'Submitted',    'Accepted',     '0a000002-0000-4000-8000-000000000005', '2026-02-25 11:00:00'),
('0a000012-0000-4000-8000-000000000004', '0a000011-0000-4000-8000-000000000004', NULL,           'Submitted',    '0a000002-0000-4000-8000-000000000005', '2026-02-25 12:00:00'),
('0a000012-0000-4000-8000-000000000005', '0a000011-0000-4000-8000-000000000005', 'Under Review', 'Rejected',     '0a000002-0000-4000-8000-000000000001', '2026-02-25 13:00:00');

-- ---------------------------------------------------------------------
-- ClassAssignment (ref tutor_application)
-- ---------------------------------------------------------------------
INSERT INTO class_assignment (assignment_id, application_id, assigned_date, status) VALUES
('0a000013-0000-4000-8000-000000000001', '0a000011-0000-4000-8000-000000000001', '2026-02-26 09:00:00', 'ACTIVE'),
('0a000013-0000-4000-8000-000000000002', '0a000011-0000-4000-8000-000000000002', '2026-02-26 10:00:00', 'ACTIVE'),
('0a000013-0000-4000-8000-000000000003', '0a000011-0000-4000-8000-000000000003', '2026-02-26 11:00:00', 'ACTIVE'),
('0a000013-0000-4000-8000-000000000004', '0a000011-0000-4000-8000-000000000004', '2026-02-26 12:00:00', 'TERMINATED'),
('0a000013-0000-4000-8000-000000000005', '0a000011-0000-4000-8000-000000000005', '2026-02-26 13:00:00', 'ACTIVE');

-- ---------------------------------------------------------------------
-- Lesson (ref class, user)
-- ---------------------------------------------------------------------
INSERT INTO lesson (lesson_id, class_id, lesson_date, start_time, end_time, duration, status, approved_by_user_id) VALUES
('0a000014-0000-4000-8000-000000000001', '0a000010-0000-4000-8000-000000000001', '2026-03-01', '08:00:00', '10:00:00', 120, 'COMPLETED', '0a000002-0000-4000-8000-000000000002'),
('0a000014-0000-4000-8000-000000000002', '0a000010-0000-4000-8000-000000000002', '2026-03-05', '13:00:00', '15:00:00', 120, 'SCHEDULED', NULL),
('0a000014-0000-4000-8000-000000000003', '0a000010-0000-4000-8000-000000000003', '2026-03-10', '09:00:00', '10:30:00', 90,  'COMPLETED', '0a000002-0000-4000-8000-000000000005'),
('0a000014-0000-4000-8000-000000000004', '0a000010-0000-4000-8000-000000000004', '2026-03-15', '14:00:00', '16:00:00', 120, 'CANCELLED', NULL),
('0a000014-0000-4000-8000-000000000005', '0a000010-0000-4000-8000-000000000005', '2026-03-20', '07:30:00', '09:00:00', 90,  'SCHEDULED', '0a000002-0000-4000-8000-000000000001');

-- ---------------------------------------------------------------------
-- Payment (ref user, payment_method)
-- ---------------------------------------------------------------------
INSERT INTO payment (payment_id, payer_id, amount, payment_method_id, payment_status) VALUES
('0a000017-0000-4000-8000-000000000001', '0a000002-0000-4000-8000-000000000002', 2000000.00, '0a000016-0000-4000-8000-000000000001', 'SUCCESS'),
('0a000017-0000-4000-8000-000000000002', '0a000002-0000-4000-8000-000000000002', 3000000.00, '0a000016-0000-4000-8000-000000000002', 'SUCCESS'),
('0a000017-0000-4000-8000-000000000003', '0a000002-0000-4000-8000-000000000005', 4000000.00, '0a000016-0000-4000-8000-000000000003', 'PENDING'),
('0a000017-0000-4000-8000-000000000004', '0a000002-0000-4000-8000-000000000005', 3500000.00, '0a000016-0000-4000-8000-000000000005', 'FAILED'),
('0a000017-0000-4000-8000-000000000005', '0a000002-0000-4000-8000-000000000001', 1500000.00, '0a000016-0000-4000-8000-000000000001', 'SUCCESS');

-- ---------------------------------------------------------------------
-- PaymentHistory (ref payment, user)
-- ---------------------------------------------------------------------
INSERT INTO payment_history (payment_history_id, payment_id, old_status, new_status, changed_by_user_id, changed_at) VALUES
('0a000018-0000-4000-8000-000000000001', '0a000017-0000-4000-8000-000000000001', 'PENDING', 'SUCCESS', '0a000002-0000-4000-8000-000000000002', '2026-02-27 09:00:00'),
('0a000018-0000-4000-8000-000000000002', '0a000017-0000-4000-8000-000000000002', 'PENDING', 'SUCCESS', '0a000002-0000-4000-8000-000000000002', '2026-02-27 10:00:00'),
('0a000018-0000-4000-8000-000000000003', '0a000017-0000-4000-8000-000000000003', NULL,      'PENDING', NULL,                                   '2026-02-27 11:00:00'),
('0a000018-0000-4000-8000-000000000004', '0a000017-0000-4000-8000-000000000004', 'PENDING', 'FAILED',  NULL,                                   '2026-02-27 12:00:00'),
('0a000018-0000-4000-8000-000000000005', '0a000017-0000-4000-8000-000000000005', 'PENDING', 'SUCCESS', '0a000002-0000-4000-8000-000000000001', '2026-02-27 13:00:00');

-- ---------------------------------------------------------------------
-- EscrowTransaction (ref payment, class_assignment)
-- ---------------------------------------------------------------------
INSERT INTO escrow_transaction (escrow_id, payment_id, assignment_id, amount, status) VALUES
('0a000019-0000-4000-8000-000000000001', '0a000017-0000-4000-8000-000000000001', '0a000013-0000-4000-8000-000000000001', 2000000.00, 'Released'),
('0a000019-0000-4000-8000-000000000002', '0a000017-0000-4000-8000-000000000002', '0a000013-0000-4000-8000-000000000002', 3000000.00, 'Funded'),
('0a000019-0000-4000-8000-000000000003', '0a000017-0000-4000-8000-000000000003', '0a000013-0000-4000-8000-000000000003', 4000000.00, 'Pending'),
('0a000019-0000-4000-8000-000000000004', '0a000017-0000-4000-8000-000000000004', '0a000013-0000-4000-8000-000000000004', 3500000.00, 'Refunded'),
('0a000019-0000-4000-8000-000000000005', '0a000017-0000-4000-8000-000000000005', '0a000013-0000-4000-8000-000000000005', 1500000.00, 'On Hold');

-- ---------------------------------------------------------------------
-- Refund (ref escrow_transaction)
-- ---------------------------------------------------------------------
INSERT INTO refund (refund_id, escrow_id, amount, reason, status) VALUES
('0a00001a-0000-4000-8000-000000000001', '0a000019-0000-4000-8000-000000000004', 3500000.00, 'Tutor cancelled the class',          'APPROVED'),
('0a00001a-0000-4000-8000-000000000002', '0a000019-0000-4000-8000-000000000003', 1000000.00, 'Partial refund requested by client', 'PENDING'),
('0a00001a-0000-4000-8000-000000000003', '0a000019-0000-4000-8000-000000000005',  500000.00, 'Dispute resolution',                 'PENDING'),
('0a00001a-0000-4000-8000-000000000004', '0a000019-0000-4000-8000-000000000001',  200000.00, 'Overpayment correction',             'REJECTED'),
('0a00001a-0000-4000-8000-000000000005', '0a000019-0000-4000-8000-000000000002',  300000.00, 'Schedule conflict',                  'PENDING');

-- ---------------------------------------------------------------------
-- PaymentReleaseRequest (ref class_assignment)
-- ---------------------------------------------------------------------
INSERT INTO payment_release_request (request_id, assignment_id, amount, status, submitted_at) VALUES
('0a00001b-0000-4000-8000-000000000001', '0a000013-0000-4000-8000-000000000001', 2000000.00, 'Paid',     '2026-05-02 09:00:00'),
('0a00001b-0000-4000-8000-000000000002', '0a000013-0000-4000-8000-000000000002', 1500000.00, 'Pending',  '2026-05-03 09:00:00'),
('0a00001b-0000-4000-8000-000000000003', '0a000013-0000-4000-8000-000000000003', 4000000.00, 'Approved', '2026-05-04 09:00:00'),
('0a00001b-0000-4000-8000-000000000004', '0a000013-0000-4000-8000-000000000005', 1500000.00, 'Rejected', '2026-05-05 09:00:00'),
('0a00001b-0000-4000-8000-000000000005', '0a000013-0000-4000-8000-000000000002', 1500000.00, 'Pending',  '2026-05-06 09:00:00');

-- ---------------------------------------------------------------------
-- Review (ref user x2, class_assignment) - reviewer != reviewee
-- ---------------------------------------------------------------------
INSERT INTO review (review_id, reviewer_id, reviewee_id, assignment_id, rating, comment) VALUES
('0a00001c-0000-4000-8000-000000000001', '0a000002-0000-4000-8000-000000000001', '0a000002-0000-4000-8000-000000000002', '0a000013-0000-4000-8000-000000000001', 5, 'Excellent tutor'),
('0a00001c-0000-4000-8000-000000000002', '0a000002-0000-4000-8000-000000000002', '0a000002-0000-4000-8000-000000000003', '0a000013-0000-4000-8000-000000000002', 4, 'Very good'),
('0a00001c-0000-4000-8000-000000000003', '0a000002-0000-4000-8000-000000000003', '0a000002-0000-4000-8000-000000000004', '0a000013-0000-4000-8000-000000000003', 5, 'Highly recommended'),
('0a00001c-0000-4000-8000-000000000004', '0a000002-0000-4000-8000-000000000004', '0a000002-0000-4000-8000-000000000005', '0a000013-0000-4000-8000-000000000004', 3, 'Average experience'),
('0a00001c-0000-4000-8000-000000000005', '0a000002-0000-4000-8000-000000000005', '0a000002-0000-4000-8000-000000000001', '0a000013-0000-4000-8000-000000000005', 4, 'Good and punctual');

-- ---------------------------------------------------------------------
-- Report (ref user)
-- ---------------------------------------------------------------------
INSERT INTO report (report_id, reporter_id, target_type, target_id, category, description, status) VALUES
('0a00001d-0000-4000-8000-000000000001', '0a000002-0000-4000-8000-000000000001', 'USER',   '0a000002-0000-4000-8000-000000000004', 'FRAUD', 'Suspected fraudulent activity', 'PENDING'),
('0a00001d-0000-4000-8000-000000000002', '0a000002-0000-4000-8000-000000000002', 'CLASS',  '0a000010-0000-4000-8000-000000000004', 'SPAM',  'Spam class posting',           'RESOLVED'),
('0a00001d-0000-4000-8000-000000000003', '0a000002-0000-4000-8000-000000000003', 'REVIEW', '0a00001c-0000-4000-8000-000000000004', 'ABUSE', 'Abusive review content',        'PENDING'),
('0a00001d-0000-4000-8000-000000000004', '0a000002-0000-4000-8000-000000000004', 'USER',   '0a000002-0000-4000-8000-000000000005', 'ABUSE', 'Harassment reported',          'PENDING'),
('0a00001d-0000-4000-8000-000000000005', '0a000002-0000-4000-8000-000000000005', 'CLASS',  '0a000010-0000-4000-8000-000000000002', 'FRAUD', 'Fake class details',           'RESOLVED');

-- ---------------------------------------------------------------------
-- Dispute (ref report, escrow_transaction)
-- ---------------------------------------------------------------------
INSERT INTO dispute (dispute_id, report_id, escrow_id, resolution, status) VALUES
('0a00001e-0000-4000-8000-000000000001', '0a00001d-0000-4000-8000-000000000001', '0a000019-0000-4000-8000-000000000004', NULL,                         'Open'),
('0a00001e-0000-4000-8000-000000000002', '0a00001d-0000-4000-8000-000000000002', '0a000019-0000-4000-8000-000000000003', 'Resolved in client favor',   'Resolved'),
('0a00001e-0000-4000-8000-000000000003', '0a00001d-0000-4000-8000-000000000003', '0a000019-0000-4000-8000-000000000005', NULL,                         'Under Investigation'),
('0a00001e-0000-4000-8000-000000000004', '0a00001d-0000-4000-8000-000000000004', '0a000019-0000-4000-8000-000000000001', NULL,                         'Waiting'),
('0a00001e-0000-4000-8000-000000000005', '0a00001d-0000-4000-8000-000000000005', '0a000019-0000-4000-8000-000000000002', 'Closed, no action needed',   'Resolved');

-- ---------------------------------------------------------------------
-- Conversation
-- ---------------------------------------------------------------------
INSERT INTO conversation (conversation_id, created_at) VALUES
('0a00001f-0000-4000-8000-000000000001', '2026-03-01 09:00:00'),
('0a00001f-0000-4000-8000-000000000002', '2026-03-02 09:00:00'),
('0a00001f-0000-4000-8000-000000000003', '2026-03-03 09:00:00'),
('0a00001f-0000-4000-8000-000000000004', '2026-03-04 09:00:00'),
('0a00001f-0000-4000-8000-000000000005', '2026-03-05 09:00:00');

-- ---------------------------------------------------------------------
-- ConversationParticipant (ref conversation, user)
-- ---------------------------------------------------------------------
INSERT INTO conversation_participant (conversation_participant_id, conversation_id, user_id) VALUES
('0a000020-0000-4000-8000-000000000001', '0a00001f-0000-4000-8000-000000000001', '0a000002-0000-4000-8000-000000000001'),
('0a000020-0000-4000-8000-000000000002', '0a00001f-0000-4000-8000-000000000001', '0a000002-0000-4000-8000-000000000002'),
('0a000020-0000-4000-8000-000000000003', '0a00001f-0000-4000-8000-000000000002', '0a000002-0000-4000-8000-000000000003'),
('0a000020-0000-4000-8000-000000000004', '0a00001f-0000-4000-8000-000000000003', '0a000002-0000-4000-8000-000000000004'),
('0a000020-0000-4000-8000-000000000005', '0a00001f-0000-4000-8000-000000000004', '0a000002-0000-4000-8000-000000000005');

-- ---------------------------------------------------------------------
-- Message (ref conversation, user)
-- ---------------------------------------------------------------------
INSERT INTO message (message_id, conversation_id, sender_id, content, sent_at) VALUES
('0a000021-0000-4000-8000-000000000001', '0a00001f-0000-4000-8000-000000000001', '0a000002-0000-4000-8000-000000000001', 'Hello, are you available?',    '2026-03-01 09:05:00'),
('0a000021-0000-4000-8000-000000000002', '0a00001f-0000-4000-8000-000000000001', '0a000002-0000-4000-8000-000000000002', 'Yes, I am available.',         '2026-03-01 09:06:00'),
('0a000021-0000-4000-8000-000000000003', '0a00001f-0000-4000-8000-000000000002', '0a000002-0000-4000-8000-000000000003', 'When does the class start?',   '2026-03-02 09:10:00'),
('0a000021-0000-4000-8000-000000000004', '0a00001f-0000-4000-8000-000000000003', '0a000002-0000-4000-8000-000000000004', 'Please send the syllabus.',    '2026-03-03 09:15:00'),
('0a000021-0000-4000-8000-000000000005', '0a00001f-0000-4000-8000-000000000004', '0a000002-0000-4000-8000-000000000005', 'Thank you very much!',         '2026-03-04 09:20:00');

-- ---------------------------------------------------------------------
-- Notification (ref user)
-- ---------------------------------------------------------------------
INSERT INTO notification (notification_id, user_id, type, content, is_read, created_at) VALUES
('0a000022-0000-4000-8000-000000000001', '0a000002-0000-4000-8000-000000000001', 'SYSTEM',      'Welcome to TutorConnect!',        TRUE,  '2026-03-01 08:00:00'),
('0a000022-0000-4000-8000-000000000002', '0a000002-0000-4000-8000-000000000002', 'PAYMENT',     'Your payment was successful.',    FALSE, '2026-03-02 08:00:00'),
('0a000022-0000-4000-8000-000000000003', '0a000002-0000-4000-8000-000000000003', 'APPLICATION', 'Your application was accepted.',  FALSE, '2026-03-03 08:00:00'),
('0a000022-0000-4000-8000-000000000004', '0a000002-0000-4000-8000-000000000004', 'APPLICATION', 'Your application was rejected.',  TRUE,  '2026-03-04 08:00:00'),
('0a000022-0000-4000-8000-000000000005', '0a000002-0000-4000-8000-000000000005', 'SYSTEM',      'Please verify your profile.',     FALSE, '2026-03-05 08:00:00');

-- ---------------------------------------------------------------------
-- RecommendationLog (ref user, tutor)
-- ---------------------------------------------------------------------
INSERT INTO recommendation_log (recommendation_id, user_id, tutor_id, score, generated_at) VALUES
('0a000023-0000-4000-8000-000000000001', '0a000002-0000-4000-8000-000000000002', '0a000008-0000-4000-8000-000000000001', 95.50, '2026-03-01 06:00:00'),
('0a000023-0000-4000-8000-000000000002', '0a000002-0000-4000-8000-000000000002', '0a000008-0000-4000-8000-000000000003', 88.25, '2026-03-01 06:00:00'),
('0a000023-0000-4000-8000-000000000003', '0a000002-0000-4000-8000-000000000005', '0a000008-0000-4000-8000-000000000002', 76.00, '2026-03-02 06:00:00'),
('0a000023-0000-4000-8000-000000000004', '0a000002-0000-4000-8000-000000000005', '0a000008-0000-4000-8000-000000000005', 81.75, '2026-03-02 06:00:00'),
('0a000023-0000-4000-8000-000000000005', '0a000002-0000-4000-8000-000000000001', '0a000008-0000-4000-8000-000000000004', 64.30, '2026-03-03 06:00:00');

-- ---------------------------------------------------------------------
-- FAQ
-- ---------------------------------------------------------------------
INSERT INTO faq (faq_id, question, answer, category) VALUES
('0a000024-0000-4000-8000-000000000001', 'How do I register as a tutor?',        'Sign up and submit your verification documents.', 'Profiles'),
('0a000024-0000-4000-8000-000000000002', 'How does escrow payment work?',        'Funds are held until the class is completed.',    'Billing'),
('0a000024-0000-4000-8000-000000000003', 'How do I request a refund?',           'Open a refund request from your wallet page.',    'Billing'),
('0a000024-0000-4000-8000-000000000004', 'How are tutors recommended to me?',    'Our AI ranks verified tutors by suitability.',    'General'),
('0a000024-0000-4000-8000-000000000005', 'How do I report abusive behavior?',    'Use the report button on the relevant page.',     'Safety');

-- ---------------------------------------------------------------------
-- AuditLog (ref user, nullable)
-- ---------------------------------------------------------------------
INSERT INTO audit_log (log_id, user_id, action, entity_name, entity_id, timestamp) VALUES
('0a000025-0000-4000-8000-000000000001', '0a000002-0000-4000-8000-000000000001', 'BAN',     'user',                 '0a000002-0000-4000-8000-000000000004', '2026-03-10 08:00:00'),
('0a000025-0000-4000-8000-000000000002', '0a000002-0000-4000-8000-000000000001', 'APPROVE', 'verification_request', '0a00000d-0000-4000-8000-000000000001', '2026-03-10 09:00:00'),
('0a000025-0000-4000-8000-000000000003', NULL,                                   'CREATE',  'class',                '0a000010-0000-4000-8000-000000000001', '2026-03-10 10:00:00'),
('0a000025-0000-4000-8000-000000000004', '0a000002-0000-4000-8000-000000000001', 'RESOLVE', 'report',               '0a00001d-0000-4000-8000-000000000002', '2026-03-10 11:00:00'),
('0a000025-0000-4000-8000-000000000005', NULL,                                   'REFUND',  'escrow_transaction',   '0a000019-0000-4000-8000-000000000004', '2026-03-10 12:00:00');

-- ---------------------------------------------------------------------
-- SupportTicket (ref user, platform_admin nullable)
-- ---------------------------------------------------------------------
INSERT INTO support_ticket (ticket_id, user_id, category, subject, description, priority, status, assigned_admin_id, created_at) VALUES
('0a000026-0000-4000-8000-000000000001', '0a000002-0000-4000-8000-000000000002', 'BUG_REPORT', 'Cannot upload avatar', 'Avatar upload fails with 500 error.', 'HIGH',   'OPEN',        '0a00000a-0000-4000-8000-000000000001', '2026-03-11 08:00:00'),
('0a000026-0000-4000-8000-000000000002', '0a000002-0000-4000-8000-000000000003', 'INQUIRY',    'Payout timing',        'When will I receive my payout?',      'MEDIUM', 'IN_PROGRESS', '0a00000a-0000-4000-8000-000000000001', '2026-03-11 09:00:00'),
('0a000026-0000-4000-8000-000000000003', '0a000002-0000-4000-8000-000000000004', 'BUG_REPORT', 'Login issue',          'Cannot log in after reset.',          'URGENT', 'OPEN',        NULL,                                   '2026-03-11 10:00:00'),
('0a000026-0000-4000-8000-000000000004', '0a000002-0000-4000-8000-000000000005', 'INQUIRY',    'Class scheduling',     'How to reschedule a lesson?',         'LOW',    'CLOSED',      '0a00000a-0000-4000-8000-000000000002', '2026-03-11 11:00:00'),
('0a000026-0000-4000-8000-000000000005', '0a000002-0000-4000-8000-000000000001', 'BUG_REPORT', 'Notification spam',    'Receiving duplicate notifications.',  'MEDIUM', 'IN_PROGRESS', '0a00000a-0000-4000-8000-000000000003', '2026-03-11 12:00:00');

-- ---------------------------------------------------------------------
-- FavoriteTutor (ref user, tutor)
-- ---------------------------------------------------------------------
INSERT INTO favorite_tutor (favorite_id, user_id, tutor_id, created_at) VALUES
('0a000027-0000-4000-8000-000000000001', '0a000002-0000-4000-8000-000000000002', '0a000008-0000-4000-8000-000000000001', '2026-03-12 08:00:00'),
('0a000027-0000-4000-8000-000000000002', '0a000002-0000-4000-8000-000000000002', '0a000008-0000-4000-8000-000000000003', '2026-03-12 08:30:00'),
('0a000027-0000-4000-8000-000000000003', '0a000002-0000-4000-8000-000000000005', '0a000008-0000-4000-8000-000000000002', '2026-03-12 09:00:00'),
('0a000027-0000-4000-8000-000000000004', '0a000002-0000-4000-8000-000000000005', '0a000008-0000-4000-8000-000000000005', '2026-03-12 09:30:00'),
('0a000027-0000-4000-8000-000000000005', '0a000002-0000-4000-8000-000000000001', '0a000008-0000-4000-8000-000000000004', '2026-03-12 10:00:00');

-- ---------------------------------------------------------------------
-- RefreshToken (ref user)
-- ---------------------------------------------------------------------
INSERT INTO refresh_token (refresh_token_id, user_id, token, issued_at, expires_at, revoked) VALUES
('0a000028-0000-4000-8000-000000000001', '0a000002-0000-4000-8000-000000000001', 'rt_sample_token_0001', '2026-06-01 09:00:00', '2026-07-01 09:00:00', FALSE),
('0a000028-0000-4000-8000-000000000002', '0a000002-0000-4000-8000-000000000002', 'rt_sample_token_0002', '2026-06-02 09:00:00', '2026-07-02 09:00:00', FALSE),
('0a000028-0000-4000-8000-000000000003', '0a000002-0000-4000-8000-000000000003', 'rt_sample_token_0003', '2026-06-03 09:00:00', '2026-07-03 09:00:00', TRUE),
('0a000028-0000-4000-8000-000000000004', '0a000002-0000-4000-8000-000000000004', 'rt_sample_token_0004', '2026-06-04 09:00:00', '2026-07-04 09:00:00', FALSE),
('0a000028-0000-4000-8000-000000000005', '0a000002-0000-4000-8000-000000000005', 'rt_sample_token_0005', '2026-06-05 09:00:00', '2026-07-05 09:00:00', FALSE);
